-- ============================================================
-- シードデータ
-- ============================================================

-- 店舗
INSERT INTO stores (id, name, slug) VALUES
  ('11111111-1111-1111-1111-111111111111', 'カフェ くつろぎ', 'cafe-kutsurogi');

-- カテゴリ
INSERT INTO categories (id, store_id, name, sort_order) VALUES
  ('aaaa0001-0000-0000-0000-000000000000', '11111111-1111-1111-1111-111111111111', 'コーヒー', 1),
  ('aaaa0002-0000-0000-0000-000000000000', '11111111-1111-1111-1111-111111111111', '紅茶', 2),
  ('aaaa0003-0000-0000-0000-000000000000', '11111111-1111-1111-1111-111111111111', 'フード', 3),
  ('aaaa0004-0000-0000-0000-000000000000', '11111111-1111-1111-1111-111111111111', 'デザート', 4),
  ('aaaa0005-0000-0000-0000-000000000000', '11111111-1111-1111-1111-111111111111', 'ソフトドリンク', 5);

-- メニューアイテム: コーヒー
INSERT INTO menu_items (store_id, category_id, name, description, price, sort_order) VALUES
  ('11111111-1111-1111-1111-111111111111', 'aaaa0001-0000-0000-0000-000000000000', 'ブレンドコーヒー', '当店オリジナルブレンド。深みのある味わい', 550, 1),
  ('11111111-1111-1111-1111-111111111111', 'aaaa0001-0000-0000-0000-000000000000', 'カフェラテ', 'エスプレッソとミルクのバランスが絶妙', 650, 2),
  ('11111111-1111-1111-1111-111111111111', 'aaaa0001-0000-0000-0000-000000000000', 'カプチーノ', 'きめ細かいフォームミルクとエスプレッソ', 650, 3),
  ('11111111-1111-1111-1111-111111111111', 'aaaa0001-0000-0000-0000-000000000000', 'アイスコーヒー', '水出しでじっくり抽出した爽やかな一杯', 600, 4);

-- メニューアイテム: 紅茶
INSERT INTO menu_items (store_id, category_id, name, description, price, sort_order) VALUES
  ('11111111-1111-1111-1111-111111111111', 'aaaa0002-0000-0000-0000-000000000000', 'ダージリン', '上品な香りと繊細な味わいの紅茶の女王', 600, 1),
  ('11111111-1111-1111-1111-111111111111', 'aaaa0002-0000-0000-0000-000000000000', 'アールグレイ', 'ベルガモットの爽やかな香り', 600, 2),
  ('11111111-1111-1111-1111-111111111111', 'aaaa0002-0000-0000-0000-000000000000', 'ロイヤルミルクティー', '濃厚なミルクティー。茶葉から煮出す本格派', 700, 3);

-- メニューアイテム: フード
INSERT INTO menu_items (store_id, category_id, name, description, price, sort_order) VALUES
  ('11111111-1111-1111-1111-111111111111', 'aaaa0003-0000-0000-0000-000000000000', 'ホットサンド（ハム＆チーズ）', 'とろけるチーズとハムのホットサンド', 750, 1),
  ('11111111-1111-1111-1111-111111111111', 'aaaa0003-0000-0000-0000-000000000000', 'ナポリタン', '昔ながらの喫茶店の味。太麺で仕上げました', 900, 2),
  ('11111111-1111-1111-1111-111111111111', 'aaaa0003-0000-0000-0000-000000000000', 'たまごサンド', 'ふわふわたまごの優しい味わい', 650, 3),
  ('11111111-1111-1111-1111-111111111111', 'aaaa0003-0000-0000-0000-000000000000', 'トースト（バター）', '厚切り食パンにバターをたっぷり', 400, 4);

-- メニューアイテム: デザート
INSERT INTO menu_items (store_id, category_id, name, description, price, sort_order) VALUES
  ('11111111-1111-1111-1111-111111111111', 'aaaa0004-0000-0000-0000-000000000000', 'チーズケーキ', 'なめらかな口溶けのベイクドチーズケーキ', 550, 1),
  ('11111111-1111-1111-1111-111111111111', 'aaaa0004-0000-0000-0000-000000000000', 'プリン', '昔ながらの固めプリン。ほろ苦カラメル', 500, 2),
  ('11111111-1111-1111-1111-111111111111', 'aaaa0004-0000-0000-0000-000000000000', 'ショートケーキ', '季節のフルーツを使った定番ケーキ', 600, 3);

-- メニューアイテム: ソフトドリンク
INSERT INTO menu_items (store_id, category_id, name, description, price, sort_order) VALUES
  ('11111111-1111-1111-1111-111111111111', 'aaaa0005-0000-0000-0000-000000000000', 'オレンジジュース', '果汁100%のフレッシュジュース', 500, 1),
  ('11111111-1111-1111-1111-111111111111', 'aaaa0005-0000-0000-0000-000000000000', 'ジンジャーエール', 'ピリッとした生姜の風味', 450, 2),
  ('11111111-1111-1111-1111-111111111111', 'aaaa0005-0000-0000-0000-000000000000', 'クリームソーダ', 'メロンソーダにバニラアイスをのせて', 650, 3);

-- テーブル（席）
INSERT INTO tables (store_id, table_number, is_active) VALUES
  ('11111111-1111-1111-1111-111111111111', 1, true),
  ('11111111-1111-1111-1111-111111111111', 2, true),
  ('11111111-1111-1111-1111-111111111111', 3, true),
  ('11111111-1111-1111-1111-111111111111', 4, true),
  ('11111111-1111-1111-1111-111111111111', 5, false);
